text,label
Tell me what the notes are for South Australia ,0
"What are the notes associated with the current slogan ""SOUTH AUSTRALIA"" in the table?",1
What is the current series where the new series began in June 2011?,0
What is the current series where the notes indicate that a new series began in June 2011?,1
What is the format for South Australia?,0
What is the format from the table where the state/territory is South Australia?,1
Name the background colour for the Australian Capital Territory,0
What is the text or background colour of the Australian Capital Territory from the table?,1
how many times is the fuel propulsion is cng?,0
How many fleet series quantities are there in the table where the fuel propulsion is CNG?,1
what is the fuel propulsion where the fleet series (quantity) is 310-329 (20)?,0
What is the fuel propulsion type for the fleet series quantity 310-329 (20)?,1
who is the manufacturer for the order year 1998?,0
What is the manufacturer of the table where the order year is 1998?,1
how many times is the model ge40lfr?,0
How many manufacturers are associated with the model GE40LFR in the table?,1
how many times is the fleet series (quantity) is 468-473 (6)?,0
How many orders were placed in the Order Year column where the Fleet Series (Quantity) is 468-473 (6)?,1
what is the powertrain (engine/transmission) when the order year is 2000?,0
What is the Powertrain (Engine/Transmission) for the table where the Order Year is 2000?,1
What if the description of a ch-47d chinook?,0
Retrieve the description of the aircraft model CH-47D Chinook from the table.,1
What is the max gross weight of the Robinson R-22?,0
What is the maximum gross weight for the aircraft model Robinson R-22?,1
What school did player number 6 come from?,0
"What is the ""School/Club Team"" for the entry where the ""No."" is 6?",1
What school did the player that has been in Toronto from 2012-present come from?,0
What is the School/Club Team associated with Toronto for the years 2012-present?,1
What school did the player that has been in Toronto from 2010-2012 go to?,0
What is the School/Club Team associated with Toronto for the years 2010-2012?,1
What position did the player from Baylor play?,0
What is the position of the player who plays for the Baylor school/club team?,1
Who played in the Toronto Raptors from 1995-96?,0
What is the player who played in Toronto during the 1995-96 season?,1
Which number was Patrick O'Bryant?,0
What is the number of Patrick O'Bryant from the table?,1
What school did Patrick O'Bryant play for?,0
What is the School/Club Team of the player named Patrick O'Bryant?,1
How many number does Fordham school have?,0
"How many entries are there in the table where the ""School/Club Team"" is Fordham?",1
Which school was in Toronto in 2001-02?,0
What is the School/Club Team that played in Toronto during the 2001-02 season?,1
Which school did the player that played 2004-05 attend?,0
What is the School/Club Team that played in Toronto during the 2004-05 season?,1
Which position does Loren Woods play?,0
What is the position of the player Loren Woods?,1
What number is the player that played 1998-2001,0
What is the minimum No. from the table where the Years in Toronto are between 1998 and 2001?,1
Which country is the player that went to Georgetown from?,0
What is the nationality of the player who plays for Georgetown?,1
Which school did Herb Williams go to?,0
What is the School/Club Team of the player named Herb Williams?,1
When did the player from Hawaii play for Toronto?,0
What are the years in Toronto from the table where the School/Club Team is Hawaii?,1
During what period did Dell Curry play for Toronto?,0
What is the years in Toronto for the player Dell Curry?,1
What's the number of the player from Boise State?,0
What is the number associated with the entry where the School/Club Team is Boise State?,1
What's Dell Curry nationality?,0
What is the nationality of the player named Dell Curry?,1
which player is from georgia,0
What players are from the Georgia school or club team?,1
what school is rudy gay from,0
What is the School/Club Team of the player named Rudy Gay?,1
what nationality is the player who played from 1997-98,0
What is the nationality of the player who spent the 1997-98 season in Toronto?,1
what position did the player from connecticut play,0
What is the position of the team from Connecticut?,1
During which years was Marcus Banks in Toronto?,0
What is the years in Toronto for the player Marcus Banks?,1
Which positions were in Toronto in 2004?,0
What is the position of the player who played in Toronto in 2004?,1
What nationality is the player Muggsy Bogues?,0
What is the nationality of the player named Muggsy Bogues?,1
What years was the player Lonny Baxter in Toronto?,0
What is the number of years in Toronto for the player named Lonny Baxter?,1
How many players were with the school or club team La Salle?,0
How many players are from La Salle?,1
"When the scoring rank was 117, what was the best finish?",0
What is the best finish where the scoring rank is 117?,1
"When the best finish was T69, how many people came in 2nd?",0
"Select the value of the column named ""2nd"" from the table where the ""Best finish"" is equal to T69.",1
How many wins were there when the money list rank was 183?,0
How many wins are there in the table where the Money list rank is 183?,1
"When the money list rank was n/a, what was the scoring average?",0
What is the scoring average from the table where the money list rank is unknown or not applicable?,1
What time was the highest for 2nd finishers?,0
"What is the second highest value in the column named ""2nd"" from the table?",1
When did the Metrostars have their first Rookie of the Year winner?,0
What is the minimum season number for the team named MetroStars?,1
What college did the Rookie of the Year from the Columbus Crew attend?,0
"What is the college associated with the team named ""Columbus Crew""?",1
How many teams had a #1 draft pick that won the Rookie of the Year Award?,0
How many teams were selected in the first draft pick?,1
What position did the #10 draft pick play?,0
What is the position of the player who was drafted第10 pick?,1
what's the years played with singles w-l of 3–2,0
"What is the ""Years Played"" from the table where the ""Singles W-L"" is 3–2?",1
what's the doubles w-l for player seol jae-min (none),0
What is the doubles win-loss record of player Seol Jae-Min?,1
what's the singles w-l for kim doo-hwan,0
What is the win-loss record (Singles W-L) of the player named Kim Doo-Hwan?,1
what's the total number of singles w-l with doubles w-l of 0–0 and total w-l of 3–1,0
How many singles games have a win-loss record of 3-1 when the doubles win-loss record is 0-0?,1
what's the doubles w-l with years played value of 1 (1968),0
What is the Doubles W-L record for players who played in 1968?,1
what years are played for player  im chung-yang,0
"What is the ""Years Played"" for the player named Im Chung-Yang?",1
What is the name of the 375 crest length?,0
What is the name of the table where the crest length in meters is exactly 375?,1
What is year of construction of spitallamm?,0
"What is the minimum year of construction for the entity named ""Spitallamm""?",1
What is the canton of grande dixence?,0
What is the canton of the place named Grande Dixence?,1
What is the name where lago di luzzone is?,0
What is the name of the lake that is referred to as Lago di Luzzone?,1
What is the  guardian mātṛkā for the guardian whose consort is Svāhā?,0
What is the Guardian Mātṛkā associated with the Consort Svāhā?,1
"Where the mantra is ""oṃ yaṃ vāyuve namaḥ"", what is the direction of the guardian?",0
"What is the direction associated with the mantra ""Oṃ Yaṃ Vāyuve Namaḥ""?",1
What weapon is used by the guardian whose consort is śacī?,0
What is the weapon associated with the consort named Śacī?,1
What are the directions for the guardian whose weapon is khaḍga (sword)?,0
"What is the direction associated with the weapon ""Khaḍga (sword)""?",1
What are the weapons used by guardians for the direction East?,0
What is the weapon associated with the direction East?,1
What are the directions for the guardian whose graha (planet) is bṛhaspati (Jupiter)?,0
What is the direction associated with the planet Jupiter in the table?,1
"What is the number of chapters listed for the fraternity with a headquarters in Austin, Texas?",0
"What is the maximum number of chapters for a fraternity organization with headquarters in Austin, Texas?",1
What are the members listed with the sorority classification,0
Retrieve all members who belong to the Sorority classification from the table.,1
Name the member that has 12 chapters,0
Retrieve the members associated with chapters equal to 12 from the table.,1
Where is the headquarters of Alpha Nu Omega,0
What is the headquarters of the member named Alpha Nu Omega?,1
what is the number of relapsing fever when malaria is 3000,0
What is the minimum value of Relapsing fever where Malaria equals 3000?,1
what is the typhoid fever number for the year 1934,0
"What is the value of ""Typhoid fever"" in the table for the year 1934?",1
What are all the typhus number when smallpox is 4,0
Select the column Typhus from the table where the value of Smallpox is 4.,1
what is the number of smallpox when typhoid fever is 293,0
"What is the maximum value of the column named ""Smallpox"" from the table where the column named ""Typhoid fever"" equals 293?",1
what is the typhoid fever number for the year 1929,0
"What is the value of ""Typhoid fever"" in the table for the year 1929?",1
"How many schools are in Bloomington, IN?",0
"How many entries in the table have the location set to Bloomington, IN?",1
How many of the schools are designated private/Presbyterian?,0
How many locations have an affiliation of Private/Presbyterian?,1
In what year was Lindenwood University founded?,0
What is the minimum founded year for Lindenwood University?,1
"How many of the schools listed are in Ames, IA?",0
"How many primary conferences are there in Ames, IA?",1
What is the capital (endonym) where Douglas is the Capital (exonym)?,0
What is the endonym of the capital city whose exonym is Douglas?,1
How many countries (endonym) has the capital (endonym) of Jakarta?,0
How many countries have their capital as Jakarta?,1
What is the country (exonym) where the official or native language(s) (alphabet/script) is Icelandic?,0
What is the country's exonym where the official or native language(s) (alphabet/script) is Icelandic?,1
In which country (endonym) is Irish English the official or native language(s) (alphabet/script)?,0
What is the country's endonym where the official or native language(s) (alphabet/script) is Irish English?,1
Which country (exonym) is the country (endonym) isle of man ellan vannin?,0
"What is the exonym for the country with the endonym ""Isle of Man Ellan Vannin""?",1
"The season premiere aired on September 11, 2000 aired on how many networks? ",0
"How many entries in the table have a Season premiere date of September 11, 2000?",1
"What was the ranking of the season finale aired on May 8, 2006? ",0
"What is the ranking for the season finale that took place on May 8, 2006?",1
what is the minimum population canada 2011 census with seat of rcm being cowansville,0
What is the minimum population according to the Canada 2011 Census for the seat of RCM located in Cowansville?,1
what's the land area with seat of rcm being granby,0
What is the land area where the seat of RCM is Granby?,1
What is the population for County Mayo with the English Name Carrowteige?,0
What is the population of the place named Carrowteige in County Mayo?,1
What is the Irish name listed with 62% Irish speakers?,0
What is the Irish name of the person whose Irish speaking percentage is 62%?,1
What is the population for the Irish Name Leitir mealláin?,0
What is the population of the place named Leitir Mealláin?,1
What is the county for the Irish name Carna?,0
What is the county associated with the Irish name Carna?,1
How many County Kerry have 53% Irish speakers?,0
How many people have an English name in the table where the percentage of Irish speakers is 53% and the county is County Kerry?,1
What is the population for the English name Spiddal?,0
What is the population of Spiddal?,1
What is the the Chinese population for the state that has a Filipino population of 1474707?,0
What is the minimum value of the Chinese column in the table where the Filipino column equals 1474707?,1
How many States have an Indian population of 30947?,0
How many entries in the table have the value 30947 for the Indian column and a Filipino column?,1
What is the highest Indian population?,0
"What is the maximum value of the column named ""Indian"" from the table?",1
What is Australia's role in the UN operation Unama?,0
What is the Australian role associated with the operation named UNAMA?,1
"What is the UN operation title with the UN operation name, Uncok?",0
"What is the operation title associated with the operation name ""UNCOK"" in the table?",1
How many Australians were in the UN commission on Korea?,0
"How many Australians are involved in the operation titled ""UN Commission on Korea""?",1
When was it where 65 Australians were involved in the UN?,0
What are the dates of Australian involvement where the number of Australians involved is 65?,1
What year is the season with the 10.73 million views?,0
What is the TV season where the viewers (millions) are equal to 10.73?,1
What is the season year where the rank is 39?,0
What is the TV season associated with the entry that has a rank of 39?,1
What is the number of season premieres were 10.17 people watched?,0
How many season premieres have exactly 10.17 million viewers according to the table?,1
What is the year of the season that was 12?,0
Retrieve the TV season from the table where the Season is equal to 12.,1
In 2012 what was the average finish?,0
What is the average finish for the year 2012?,1
How many wins happened in 1983?,0
What is the minimum number of wins in the table for the year 1983?,1
How many top tens had an average start of 29.4?,0
"Count the number of rows in the table where the average start value is 29.4, and limit the result to the top 10.",1
How many poles had an average finish of 19.1?,0
What is the maximum value of Poles from the table where the Avg. Finish is 19.1?,1
How many starts did Hendrick motorsports have?,0
What is the minimum number of starts for teams named Hendrick Motorsports?,1
NHL players are all centre in Florida panthers.,0
What is the name of the player who plays as a Centre for the Florida Panthers?,1
NHL team player San Jose Sharks is United States nationally.,0
What is the player name for the San Jose Sharks team from the United States?,1
All players are position mark polak.,0
What is the position of Mark Polak?,1
Position in nhl team centre are all smaller pick than 243.0,0
What is the NHL team of the player who was picked before 243rd overall and positioned as a Centre?,1
What college/junior/club teams do the players from the St. Louis Blues come from?,0
What is the College/junior/club team associated with the NHL team St. Louis Blues?,1
What teams do the players from TPS (Finland) play for?,0
What is the NHL team of the player who played for the TPS (Finland) College/junior/club team?,1
What high school team did Doug Nolan play for?,0
What is the college/junior/club team of the player named Doug Nolan?,1
What club team is Per Gustafsson play for?,0
What is the College/junior/club team of the player named Per Gustafsson?,1
What is the nationality of Shayne Wright?,0
What is the nationality of the player named Shayne Wright?,1
How many votes did Southern England cast whilst Northern Ireland cast 3?,0
Select the value from the Southern England column where the Northern Ireland column equals 3.,1
What was the lowest number of votes Scotland cast?,0
What is the minimum value in the Scotland column of the table?,1
What is the total number of votes if Scotland cast 35?,0
"How many times does ""Scotland"" appear in the ""table"" where ""Total"" equals 35?",1
How many votes did Northern Ireland cast if the total was 35?,0
What is the value in the Northern Ireland column where the Total is 35?,1
How many votes did Wales cast when Northern England cast 6?,0
What is the minimum value of Wales from the table where Northern England equals 6?,1
What teams had 9 in the top 5 and 1 wins?,0
Retrieve the teams from the table where the Top 5 value is 9 and the Wins value is 1.,1
What teams did the player vadim sharifijanov play for?,0
What is the college/junior/club team of the player named Vadim Sharifijanov?,1
What positions do the hartford whalers nhl team have?,0
What is the position of the Hartford Whalers in the NHL?,1
"What is the smallest pick for the player, brett lindros?",0
What is the minimum pick number for the player named Brett Lindros?,1
"What positions does the college/junior/club team, molot perm (russia) have?",0
What is the position of the player from Molot Perm (Russia)?,1
The nhl team new york islanders is what nationality?,0
What is the nationality of the player(s) from the New York Islanders team?,1
What is the name of the vacator for district Louisiana 1st?,0
What is the vacator associated with the Louisiana 1st district?,1
What is the notion when the crystal structure is tetragonal and the formula is bi 2 sr 2 cacu 2 o 8,0
What is the notation for the crystal structure of Tetragonal with the formula Bi2Sr2CaCu2O8?,1
How many times is the formula tl 2 ba 2 cuo 6?,0
What is the number of Cu-O planes in the unit cell for the formula Tl2Ba2CuO6?,1
What is the crystal structure for the formula yba 2 cu 3 o 7?,0
What is the crystal structure of the compound with the formula YBa2Cu3O7?,1
What is the number for t c (k) when the notation is tl-2212?,0
Count the number of rows in the table where the Notation column equals 'Tl-2212'.,1
How many 2010 estimations have been done in the city of Cremona?,0
What is the count of 2010 estimates for the city of Cremona from the table?,1
What's the 2001 census of the region of Abruzzo where the 1871 census is bigger than 51092.0?,0
What is the minimum 2001 Census value for Abruzzo region where the 1981 Census is greater than 51092.0?,1
What's the 1991 census of the city of Carpi?,0
What is the maximum value of the 1991 Census population for the city of Carpi from the table?,1
How many 2001 censuses are there on number 13?,0
What is the count from the 2001 Census where the condition # equals 13?,1
What's the 1981 census of Livorno?,0
What is the 1981 Census data for the city of Livorno?,1
Which NHL team has player Mike Loach?,0
What is the NHL team of the player named Mike Loach?,1
What is the NHL team that has Peter Strom?,0
What is the NHL team of the player named Peter Strom?,1
What team is Keith Mccambridge on?,0
What is the college/junior/club team of the player named Keith McCambridge?,1
How many nationalities are the pick 193?,0
How many players have a nationality listed in the table where the pick is 193?,1
"Who was the succesor that was formally installed on November 8, 1978?",0
"What is the successor who was installed on November 8, 1978?",1
How many songs received a 10 from Goodman and were rated by Tonioli?,0
How many times does the value 10 appear in the Goodman column of the table where the Tonioli column is counted?,1
"What score did Goodman give to all songs with safe results, which received a 7 from Horwood and have a total score of 31?",0
"Retrieve the value of Goodman from the table where Total is 31, Horwood is 7, and Result is Safe.",1
"What score did Dixon give to the song ""samba / young hearts run free"", which was in second place?",0
What is the value of Dixon from the table where Dance/song is Samba / Young Hearts Run Free and Result is Second place?,1
"How many scores did Goodman give to ""samba / young hearts run free"", which was in second place?",0
"How many times did ""Goodman"" occur in the table where the result is ""Second place"" and the dance/song is ""Samba / Young Hearts Run Free""?",1
What year was number 7 built?,0
"What is the ""Year Built"" for the item with ""No. Built"" equal to 7?",1
What is we two when the case/suffix is loc.?,0
Select the two columns from the table where the Case/Suffix equals loc.,1
What is them two (the two) when we two is ngalbelpa?,0
Select the two entries from the table where 'we two' equals 'ngalbelpa'.,1
What is them two (the two) when you and i is ngœbalngu?,0
"Select the two entries from the table where ""you and I"" equals ""ngœbalngu"".",1
What is who-two where you and i is ngœban?,0
Select the 'who-two' column from the table where 'you and I' equals 'ngœban'.,1
What is we two where you two is ngipen?,0
"Select the column named ""we two"" from the table where the column named ""you two"" equals ""ngipen"".",1
What is who-two when you two is ngipelngu?,0
Select the 'who-two' column from the table where 'you two' equals 'ngipelngu'.,1
what's the points with driver  mark martin,0
What is the points for Mark Martin from the table?,1
what's the points with driver  rusty wallace,0
What is the points for Rusty Wallace?,1
what's the total number of position with driver  robby gordon,0
How many positions did Robby Gordon have in the table?,1
"what's the maximum position with winnings  $50,000",0
"What is the maximum position where the winnings are exactly $50,000?",1
What actor was nominted for an award in the film Anastasiya Slutskaya?,0
"What is the name of the actor associated with the film ""Anastasiya Slutskaya""?",1
What was the film Falling up nominated for?,0
"What is the nomination for the film ""Falling Up""?",1
What is the name of the actress that was nominated for best actress in a leading role in the film Chopin: Desire for love?,0
"What is the name of the actor who won the nomination for Best Actress in a Leading Role for the film ""Chopin: Desire for Love""?",1
What is the name of the actress that was nominated for best actress in a leading role in the film Chopin: Desire for love?,0
"What is the name of the actor who won the nomination for Best Actress in a Leading Role for the film ""Chopin: Desire for Love""?",1
Which films does the actor Alla Sergiyko star in?,0
What is the name of the film where the actor is Alla Sergiyko?,1
Which nominations was the film 27 Stolen Kisses nominated for?,0
"What is the nomination for the film ""27 Stolen Kisses""?",1
Which actor from Serbia was nominated for best actor in a supporting role?,0
What is the name of the actor who won the nomination for Best Actor in a Supporting Role from Serbia?,1
Vsevolod Shilovskiy is from what country?,0
What is the country associated with the actor Vsevolod Shilovskiy?,1
Which nominations are connected to the film Totalitarian Romance?,0
"What is the nomination for the film ""Totalitarian Romance""?",1
Srdjan Dragojevic worked on a film which earned what nomination?,0
What is the nomination associated with the director Srdjan Dragojevic?,1
Which actors are from Ukraine?,0
What is the name of the actor from Ukraine?,1
What was the film that vadim ilyenko directed?,0
What is the name of the film directed by Vadim Ilyenko?,1
What was the actors name that vadim ilyenko directed?,0
What is the name of the actor(s) directed by Vadim Ilyenko?,1
What was the actors name for fuchzhou and nomination was best non-professional actor?,0
"What is the name of the actor who won the Best Non-Professional Actor nomination for the film ""Fuchzhou""?",1
What film did michaylo ilyenko make with best actor in a supporting role?,0
What is the name of the film directed by Michaylo Ilyenko that received a nomination for Best Actor in a Supporting Role?,1
What was the actor's name for best debut?,0
What is the name of the actor who received the Best Debut nomination?,1
What was the number of nominations for natalia raskokoha?,0
How many nominations does the actor Natalia Raskokoha have?,1
What is the highest value of Total Goals?,0
What is the maximum total goals from the table?,1
When FA Cup Apps is 9 what is the smallest number of FA Cup Goals?,0
What is the minimum number of FA Cup goals for players who have played 9 apps in the FA Cup?,1
What is the smallest number of Total Goals?,0
What is the minimum total goals from the table?,1
What circuit was the race where Hideki Mutoh had the fastest lap?,0
What is the circuit where the fastest lap was achieved by Hideki Mutoh?,1
"what is the minimum production code with title ""foreign exchange problem / turn about""",0
"What is the minimum production code for the title ""Foreign Exchange Problem / Turn About""?",1
"what is the episode # for title ""the yindianapolis 500 / personality problem""",0
"What is the episode number for the title ""The Yindianapolis 500 / Personality Problem""?",1
what is the episode # for production code 227,0
What is the episode number for the production code 227?,1
who directed the movie written by is sib ventress / aydrea ten bosch,0
What is the director of the movie where the writer is Sib Ventress or Aydrea ten Bosch?,1
"what is the production code with title ""skirting the issue / moon over my yinnie""",0
"What is the production code for the title ""Skirting the Issue / Moon Over my Yinnie""?",1
Whatis the number of total goals maximum?,0
What is the maximum total goals from the table?,1
HOW MANY TEMPERATURE INTERVALS ARE POSSIBLE TO USE WITH ACRYL? ,0
Count the number of temperature readings in degrees Celsius where the adhesive type is Acryl.,1
How many matches where played with Jim Pugh?,0
How many opponents are there in the table where the partner is Jim Pugh?,1
What is the score with partner Jim Pugh?,0
What is the score associated with the partner named Jim Pugh?,1
"How many matched scored 3–6, 7–6(5), 6–3?",0
"Count the number of entries in the table where the Score is 3–6, 7–6(5), or 6–3.",1
What is the score of the match with partner Jim Pugh?,0
What is the score associated with the partner named Jim Pugh?,1
What year was the championship in Wimbledon (2)?,0
What is the year of the championship called Wimbledon?,1
What is the score of the match with opponents Gretchen Magers Kelly Jones?,0
What is the score against Gretchen Magers Kelly Jones?,1
How many birthdays does Earl Hanley Beshlin have?,0
How many entries have a date of birth associated with the representative named Earl Hanley Beshlin?,1
"Which politican party has a birthday of November 10, 1880",0
"What is the party associated with the person who was born on November 10, 1880?",1
"Which representative has a birthday of January 31, 1866?",0
"What is the representative associated with the birth date of January 31, 1866?",1
What is the Singles W-L for the players named  Laurynas Grigelis?,0
What is the win-loss record (Singles W–L) of the player Laurynas Grigelis?,1
What is the Current singles ranking for the player named Mantas Bugailiškis?,0
What is the current singles ranking of Mantas Bugailiškis from the table?,1
How many playerd Mrs. Darling in the 1999 Broadway?,0
"How many times does the character ""Mrs. Darling"" appear on the 1999 Broadway stage?",1
Who played Peter Pan in the 1990 Broadway?,0
Select the value from the table where the Character is Peter Pan and the row is 1990 Broadway.,1
Who played in the 1991 Broadway before Barbara McCulloh played the part in the 1999 Broadway?,0
Retrieve the value of 1991 Broadway from the table where 1999 Broadway is equal to Barbara McCulloh.,1
Who played in the 1990 Broadway after Tom Halloran played the character in the 1955 Broadcast?,0
What is the value of 1990 Broadway from the table where 1955 broadcast is Tom Halloran?,1
What character did Drake English play in the 1998 Broadway?,0
What is the character associated with the entry where the 1998 Broadway is Drake English?,1
What date was BBC One total viewing greater then 11616996.338225884?,0
"What is the broadcast date where the BBC One total viewing exceeds 11,616,996.34?",1
How many years did BBC One rank 20th?,0
How many entries in the table have a BBC One Rank of 20th?,1
"What year was the BBC two total viewing 7,530,000?",0
"What is the minimum year where the BBC Two total viewing is 7,530,000?",1
 how many ↓ function / genus → with escherichia being espd,0
Count the number of entries in the table where the 'Escherichia' column is equal to 'EspD'.,1
what's the salmonella with escherichia being espd,0
Retrieve the entries where the value of Escherichia is EspD from the table and return the corresponding Salmonella values.,1
what's the ↓ function / genus → with shigella being spa32,0
Retrieve the function/genus from the table where Shigella is equal to Spa32.,1
what's the salmonella with shigella being ipgc,0
Retrieve the value of Salmonella from the table where Shigella is equal to IpgC.,1
what's the salmonella with escherichia being sepb (escn),0
Retrieve the entries where the value of Escherichia is SepB (EscN) from the table and return the corresponding Salmonella values.,1
what's the shigella with yersinia being yscp,0
Retrieve all entries from the table where the Yersinia column equals YscP and select the Shigella column.,1
How many original titles did Marriage Italian-Style have? ,0
"How many original titles are there in the table where the film title used in nomination is ""Marriage Italian-Style""?",1
What year was a movie with the original title La Leggenda del Santo Bevitore submitted?,0
"What is the year of the ceremony for the film ""La leggenda del santo bevitore""?",1
"what's the camp with estimated deaths of 600,000",0
"What is the name of the camp where the estimated deaths are 600,000?",1
what's the operational period with camp  sajmište,0
Retrieve the operational data from the table where the camp is Sajmište.,1
what's the estimated deaths with operational period of 17 march 1942 – end of june 1943,0
"What is the estimated number of deaths during the operational period from March 17, 1942, to the end of June 1943?",1
what's the current country of location with operational period  of summer of 1941 to 28 june 1944,0
What is the current country of location for entries where the operational period is from summer of 1941 to 28 June 1944?,1
"what's the occupied territory with estimated deaths of 600,000",0
"What is the occupied territory where the estimated deaths are 600,000?",1
what's the occupied territory with operational period of may 1940 – january 1945,0
What was the occupied territory during the period from May 1940 to January 1945?,1
Which overall pick was traded to the Cleveland Browns?,0
What is the overall value of the player who was traded to the Cleveland Browns?,1
Overall pick 240 was a pick in which round?,0
"Retrieve the value of the ""Round"" column from the table where the ""Overall"" column is equal to 240.",1
Which overall pick number went to college at Youngstown State?,0
What is the minimum value of the Overall column from the table where the College is Youngstown State?,1
What position is played by pick 255 overall?,0
Retrieve the position of the record where the overall value is 255.,1
Which player was chosen in round 17?,0
What is the player name in the round 17?,1
The record of 7-3 had the largest attendance of what?,0
What is the maximum attendance value for the record where Record is 7-3?,1
The record of 9-4 was against which opponent?,0
What is the opponent where the record is 9-4?,1
The game number of 8 had a record of what?,0
Retrieve all records where the Game column equals 8.,1
What round was Steve Stonebreaker drafted?,0
What is the maximum round for the player named Steve Stonebreaker?,1
Who was the top picki n the draft?,0
"What is the minimum value in the ""Choice"" column of the table?",1
What round was Bill Hill drafted?,0
Retrieve the choice associated with the player named Bill Hill from the table.,1
What was the name of the quarterback drafted?,0
Select the player names from the table where the position is Quarterback.,1
Where is the college where Keith Hartwig plays?,0
What is the college of the player named Keith Hartwig?,1
What is the name of the linebacker at Illinois college?,0
What is the name of the player who plays as a Linebacker and attended Illinois?,1
What is the greatest round of overall 83?,0
"What is the maximum value of the ""Round"" column from the table where the ""Overall"" column equals 83?",1
Which round did Tommy Kramer play in>,0
What is the round value for the player named Tommy Kramer?,1
What is Rice's collage score?,0
What is the overall value for Rice from the table?,1
Where does the defensive back position appear first?,0
"What is the minimum value of the ""Round"" column from the table where the ""Position"" is ""Defensive Back""?",1
What is Bruce Cerone overall?,0
What is the minimum value of the Overall column for the player named Bruce Cerone?,1
Which player went to Emporia State?,0
What is the player name from Emporia State?,1
What is the highest choice?,0
"What is the maximum value of the ""Choice"" column from the table?",1
What college did Bill Cappleman go to?,0
What is the college of the player named Bill Cappleman?,1
"For the headstamp id of h2, what was the color of the bullet tip?",0
What is the Bullet Tip Color associated with the Headstamp ID 'H2'?,1
"For the functional type of light ball, what were the other features?",0
"What are the ""Other Features"" where the ""Functional Type"" is ""Light Ball""?",1
How many primers annulus colors were there when the color of the bullet tip was white?,0
How many entries in the table have a Bullet Tip Color of White?,1
How many bullet tips colors had other features of a blue band on case base?,0
Count the number of bullet tips color where other features are blue band on case base.,1
How many touchdowns were scored in the year with a completion percentage of 56.0?,0
What is the minimum number of touchdowns from the table where the completion percentage is 56.0?,1
What number of completions are recorded for the year with 12 games started?,0
"Select the column ""Completions"" from the table where ""Games started"" equals 12.",1
How many years were there with 348 attempts?,0
How many yards were achieved when the attempts were 348?,1
How many characters is by Babs Rubenstein?,0
"How many times does ""London"" appear in the ""table"" where ""US Tour"" is equal to ""Babs Rubenstein""?",1
Which person is in the tronto/broadway and has a uk tour of n/a,0
"What is the value of ""Toronto / Broadway"" from the table where ""UK Tour"" is equal to ""n/a""?",1
How many people play Frank in London?,0
"Count the number of times ""London"" appears in the table where the Character is ""Frank"".",1
Who was Class AAA during the school year of 2000-01?,0
Select the Class AAA from the table where the School Year is 2000-01.,1
Who was Class AAA during the same year that Class A was (tie) Apple Springs/Texline?,0
What is the class AAA from the table where Class A is equal to Apple Springs/Texline?,1
Who was Class AAAAA during the school year of 1995-96?,0
Select all records from Class AAAAA where the School Year is 1995-96.,1
Who was Class AAA during the same year that Class AAAAA was Brownsville Pace?,0
What is the value of Class AAA from the table where Class AAAAA is Brownsville Pace?,1
What was the total number of Class AAA during the same year that Class AAA was White Oak?,0
"How many entries in the table have the value ""White Oak"" in the Class AAA column?",1
"How many records are listed on Friday, May 25?",0
"How many team records were there on Friday, May 25?",1
"How many opponents were played on Saturday, June 9?",0
"How many opponents were there on Saturday, June 9?",1
In what week was the first game played at the Commerzbank-Arena?,0
What is the minimum week number from the table where the game site is Commerzbank-Arena?,1
What was the original air date of an episode set in 1544?,0
What is the original air date of the show with the setting number 1544?,1
How many settings where there for episode 29 of the season?,0
How many times does the setting '29' appear in the 'No. in series' column of the table?,1
"Who wrote the episode that was set in winter 1541/february 13, 1542?",0
"What is the ""Written by"" entry from the table where the Setting is Winter on February 13, 1542?",1
"What episode number of the season was ""The Northern Uprising""?",0
"What is the ""No. in season"" for the title ""The Northern Uprising""?",1
What is the name of the track that lasts 5:30?,0
What is the title of the track that has a duration of 5:30?,1
What is the album namethat has the track title Sweetness 甜甜的 (tián tián de)?,0
"What is the name of the album that contains the track titled ""Sweetness 甜甜的 (Tián tián de)""?",1
What is the duration of the song where the major instrument is the piano and the date is 2004-02-03?,0
"What is the duration of the entry where the major instrument is Piano and the date is February 3, 2004?",1
What is the total number of lyricist where the lyrics theme is romance and the song lasts 3:50?,0
How many lyricists have a romance theme/style and a duration of 3:50 in the table?,1
What is the major instrument of the song that lasts 4:32? ,0
What is the major instrument(s) associated with a duration of 4:32?,1
What is the total number of music genre/style in which the lyrics are a detective story?,0
How many music genres/styles are there in the table where the lyrics theme/style is a detective story?,1
What is the playoffs for the usl pro select league?,0
Select the playoffs from the table where the league is USL Pro.,1
What is the number of the division for the 1st round?,0
How many divisions have an open cup status of 1st Round?,1
What was the team where series is formula renault 2.0 nec?,0
"What is the team associated with the series ""Formula Renault 2.0 NEC""?",1
What is the total number of poles for arden international?,0
How many Poles are there in the table where the Team is Arden International?,1
What is the number of wins for gp2 series for racing engineering?,0
Count the number of wins where the series is GP2 and the team is Racing Engineering.,1
What is the number of podiums for season 2010 for campionato italiano superstars.,0
How many Podiums were there in the 2010 Season for the Campionato Italiano Superstars series?,1
What is the podium for 144 points?,0
Retrieve the Podiums value from the table where Points equals 144.,1
"How many writers had an US air date of september 25, 1993?",0
"How many writers have a US air date of September 25, 1993?",1
How many villians were in No. 25?,0
How many villains are there in the table where the number is 25?,1
"what being the maximum year where regular season is 4th, northwest",0
"What is the maximum year where the Regular Season is ""4th, Northwest""?",1
"what is the total number of playoffs where regular season is 6th, southwest",0
How many teams made the playoffs based on a regular season ranking of 6th in the Southwest conference?,1
what is the maximum division,0
"What is the maximum value in the ""Division"" column from the table?",1
" what's the league where regular season is 2nd, northwest",0
What is the league of the team that has a regular season ranking of 2nd in the Northwest?,1
what are all the regular season where year is 2011,0
What is the regular season for the year 2011?,1
How many titles have the number 11,0
Count the number of titles in the table where the column with the value 11 is present.,1
How many have Mrs. briar as a villain,0
"How many entries in the table have ""Mrs. Briar"" as the villain?",1
how many have the number 8,0
How many entries in the table have the value 8 in the column named #?,1
"How many have the title ""the tale of the room for rent""",0
"How many entries in the table have the title ""The Tale of the Room for Rent""?",1
What is the name of the episode told by Kiki and directed by Will Dixon?,0
Retrieve the title of the entry where the storyteller is Kiki and the director is Will Dixon.,1
"Who is the storyteller in the episode called ""The Tale of the Jagged Sign""?",0
"What is the storyteller associated with the title ""The Tale of the Jagged Sign""?",1
Who wrote Episode #3?,0
What is the writer associated with the entry where the number is 3?,1
"Who are the villains in the episode titled ""The Tale of the Forever Game""?",0
"What is the villain associated with the title ""The Tale of The Forever Game""?",1
"How many villains appeared in the episode titled ""The Tale of the Virtual Pets""?",0
"How many villains are there in the table where the title is ""The Tale of The Virtual Pets""?",1
Who are the villains in the episodes where Megan is the storyteller and Lorette LeBlanc is the director?,0
Retrieve the villains from the table where the Storyteller is Megan and the Director is Lorette LeBlanc.,1
What is the largest # for an episode that was written by Allison Lea Bingeman?,0
What is the maximum value in the # column from the table where the Writer is Allison Lea Bingeman?,1
Name the species when petal width is 2.0 and petal length is 4.9,0
What is the species of the flower where the petal width is 2.0 and the petal length is 4.9?,1
Name the sepal width for i.virginica with petal length of 5.1,0
What is the sepal width of the species I.virginica when the petal length is 5.1?,1
Name the number of species with sepal width of 3.4 and sepal length of 5.4,0
How many entries in the table have a sepal width of 3.4 and a sepal length of 5.4?,1
Name the sepal length for sepal width of 2.8 and petal length of 5.1,0
Retrieve the 'Sepal length' from the table where 'Sepal width' is 2.8 and 'Petal length' is 5.1.,1
Name the sepal width when sepal length is 6.5 and petal width is 2.2,0
Retrieve the sepal width from the table where the sepal length is 6.5 and the petal width is 2.2.,1
Name the sepal lengh when sepal width is 2.9 and petal width 1.3,0
Retrieve the 'Sepal length' from the table where 'Sepal width' is 2.9 and 'Petal width' is 1.3.,1
Who is the director and what number is the episode for episode #1 of Are You Afraid of the Dark season 3?,0
Count the number of directors where the condition # equals 1.,1
Who is the director of the episode whom Scott Peters is the writer?,0
What is the director of the movie where the writer is Scott Peters?,1
Who is the villain in episode #7?,0
What is the villain associated with the entry where the ID is 7?,1
Who wrote episode #1 in season 7?,0
Count the number of writers where the condition # equals 1.,1
When did the episode written by Jim Morris air?,0
What is the US air date from the table for the writer named Jim Morris?,1
What was Datsun Twin 200's fastest lap?,0
"What is the fastest lap time for the race named ""Datsun Twin 200""?",1
"In the Datsun Twin 200 race, what was the fastest lap?",0
"What is the fastest lap time for the race named ""Datsun Twin 200""?",1
What's the report for the True Value 500?,0
Retrieve the Report from the table where the Name is equal to True Value 500.,1
What was Johnny Rutherford's fastest lap while Al Unser was the pole position?,0
What is the fastest lap time driven by Johnny Rutherford when Al Unser took pole position?,1
What's the report on Penske Racing winning while the pole position was Al Unser?,0
How many reports are there where the pole position is Al Unser and the winning team is Penske Racing?,1
"Which countries have a scouting organization that was founded in 1926, and joined WOSM in 1930?",0
What is the country of the scouting organization that joined WOSM in 1930 and had its member organization founded in 1926?,1
"Does Venezuela admit only boys, only girls, or both?",0
What is the admits boys/girls from the table where the country is Venezuela?,1
"Which organizations were founded in 1972, but became WOSM members until 1977?",0
What is the name of the member organization that was founded in 1972 and joined WOSM in 1977?,1
"Does the Scout Association of Hong Kong admit boys, girls, or both?",0
What is the admits boys/girls information for The Scout Association of Hong Kong from the table?,1
"Does the Ghana Scout Association (founded in 1912) admit boys, girls, or both?",0
"What is the admits boys/girls figure for the member organization ""The Ghana Scout Association"" that was founded in 1912?",1
What is the model number introduced May 1999?,0
What is the maximum model value from the table where the introduction date is May 1999?,1
What is the print resolution (FPI) for December 2002?,0
What is the print resolution (DPI) of the table entry where the introduction date is December 2002?,1
What is the maximum memory for the model discontinued in November 2001?,0
What is the maximum memory for items that were discontinued in November 2001?,1
What is main presenters of La Granja?,0
"What is the main presenter for the local title ""La Granja""?",1
What is the main presenter of bulgaria?,0
What are the main presenters from Bulgaria?,1
How many winners are there of farma?,0
"How many winners are there in the table where the local title is ""Farma""?",1
What is the most cup goals for seasson 1911-12?,0
What is the maximum number of cup goals in the 1911-12 season?,1
What is the league apps for season 1923-24?,0
Select the League and Apps columns from the table where the Season is 1923-24.,1
What is the team for season 1911-12?,0
What is the team associated with the season 1911-12?,1
what's the minimum attendance with score  10.16 (76) – 9.22 (76),0
What is the minimum attendance value where the score is 10.16 (76) minus 9.22 (76)?,1
who's the premier with in 1970,0
What is the Premier value for the season 1970?,1
who are all the runner-up for premier in richmond,0
What is the runner-up when the Premier is Richmond?,1
what is the minimum attendance with score 8.16 (64) – 8.12 (60),0
What is the minimum attendance when the score is 8.16 (64) – 8.12 (60)?,1
How many mileposts are there on Anne Street?,0
How many mileposts are there on Anne Street?,1
Which street is 12.2 miles long?,0
Retrieve the street names from the table where the milepost is 12.2.,1
Where does Route 24 intersect?,0
What is the location where the roads intersected are equal to Route 24?,1
Where is milepost 12.8?,0
Retrieve the location from the table where the milepost is 12.8.,1
What is the minimum amount for wool for 2001-02?,0
What is the minimum value for the year 2001-02 where the commodity is Wool?,1
Who were the operational owners during the construction date of April 1892?,0
Who are the operational owners of the table entries where the build date is April 1892?,1
Where can you find Colorado and Southern Railway #9?,0
What is the disposition of the table entry where the Operational owner(s) is Colorado and Southern Railway #9?,1
"What is the wheel arrangement for the train in Riverdale, Georgia?",0
"What is the Wheel arrangement (Whyte notation) for the table entry where the Disposition is Riverdale, Georgia?",1
When was the train 2053 built?,0
What is the build date of the item with serial number 2053?,1
How many wheels does the train owned by Texas and New Orleans Railroad #319 have?,0
How many wheel arrangements (Whyte notation) are there for the Texas and New Orleans Railroad #319?,1
Which college has the men's nickname of the blazers?,0
"What is the institution associated with the entry where the Men’s Nickname is ""Blazers""?",1
Name the joined for the wolfpack women's nickname,0
"What is the value of the ""Joined"" column where the ""Women’s Nickname"" is ""Wolfpack""?",1
Name the left of the Lady Pilots.,0
"What is the value of the ""Left"" column where the ""Women’s Nickname"" is ""Lady Pilots""?",1
"Name the women's nickname when the enrollment is 1500 in mobile, Alabama.",0
"What is the Women’s Nickname of the student with Enrollment number 1500 located in Mobile, Alabama?",1
"Which conference is in Jackson, Mississippi?",0
"What is the current conference of the team located in Jackson, Mississippi?",1
What is the men's nickname at the school that has the lady wildcats women's nickname?,0
"What is the ""Men’s Nickname"" from the table where the ""Women’s Nickname"" is ""Lady Wildcats""?",1
"What is the Mens Nickname for the member location of Jacksonville, florida?",0
"What is the nickname of the mens team located in Jacksonville, Florida?",1
What is the enrollment for the institution that was founded in 1866 and is a private/(african methodist) type?,0
What is the maximum enrollment of institutions founded in 1866 that are of private or African Methodist type?,1
"That is the year founded for the institution location of Nashville, Tennessee?",0
"What is the minimum year a company was founded in Nashville, Tennessee?",1
What is the year the institution Tougaloo College joined?,0
"What is the value of the ""Joined"" column for the institution named ""Tougaloo College""?",1
What is the date of vacancy when the date of appointment is 28 november 2007 and replaced by is alex mcleish?,0
What is the date of the vacancy where the date of appointment is 28 November 2007 and the person replaced by is Alex McLeish?,1
What is the date of appointment when the date of vacancy is 21 december 2007?,0
What is the date of the appointment from the table where the date of vacancy is 21 December 2007?,1
Who replaced when team is wigan athletic?,0
"What is the value of the column ""Replaced by"" from the table where the ""Team"" is ""Wigan Athletic""?",1
What is the date of vacancy when the team is manchester city and replaced by is mark hughes?,0
What is the date of the vacancy where the team is Manchester City and the person replaced by is Mark Hughes?,1
What is the date of appointment when replaced by is roy hodgson?,0
What is the date of the appointment where the replacement was Roy Hodgson?,1
Who replaced when position in table is pre-season?,0
"What is the value of the column ""Replaced by"" where the ""Position in table"" is ""Pre-season""?",1
How many games had a score value of 813.5 in post-season play?,0
How many entries in the table have a Points value of 813.5?,1
Did any team score games that totaled up to 860.5?,0
"What is the value of the ""Play-off"" column where the ""Points"" column equals 860.5?",1
What was the score of the game when the team reached a record of 6-9?,0
What is the score associated with the record number 6-9?,1
What type institution is point park university,0
What is the type of the institution called Point Park University?,1
"How many institutions are located in wilmore, kentucky and private",0
"What is the maximum value of the ""Founded"" column from the table where the Type is Private and the Location is Wilmore, Kentucky?",1
point park university is what type of institution,0
What is the type of the institution called Point Park University?,1
how many founded dates are listed for carlow university 1,0
How many institutions are founded at Carlow University?,1
"Who wrote the episode titled ""black""?",0
"Who is the writer of the title ""Black""?",1
"Who are the writers for the episode ""solo""?",0
"What is the writer of the movie titled ""Solo""?",1
what is the original air date of the episode no in season 9?,0
What is the original air date of the episode where the number in the season is 9?,1
"What is the title of the episode written by denis leary, peter tolan and evan reilly?",0
"What is the title of the movie written by Denis Leary, Peter Tolan, and Evan Reilly?",1
"How many episodes were titles ""voicemail""?",0
"How many entries in the table have the title ""Voicemail"" and are directed by someone?",1
When was Kamba active?,0
Select the active dates from the table where the name is Kamba.,1
What was the cyclone's pressure in the storm that death was equal to 95km/h (60mph)?,0
What is the pressure when the deaths are 95km/h (60mph)?,1
What were the active dates for the storm that had 185km/h (115mph) deaths?,0
What is the date of the active event where the deaths occurred at 185km/h (115mph)?,1
What was the damage (usd) from the cyclones that measured 1003hPa (29.62inHg) pressure?,0
What is the Damage (USD) when the Pressure is 1003hPa (29.62inHg)?,1
 what's the average where high score is 120,0
What is the average value where the high score equals 120?,1
 what's the player where 50 is 2 and n/o is 0,0
Select the Player from the table where 50 equals 2 and N/O equals 0.,1
 what's the player where inns is 21,0
What is the player who has played 21 innings?,1
Which general election had a pq majority and a 44.75% of the popular vote?,0
What is the name of the general election where the result was a PQ majority and the percentage of the popular vote was 44.75%?,1
What is the least number of candidates running were there when 80 seats were won?,0
What is the minimum number of candidates from the table where the number of seats won is 80?,1
How many seats were won in the election with 125 candidates?,0
What is the number of seats won from the table where the number of candidates is 125?,1
How many weeks are there?,0
What is the maximum value of the Week column in the table?,1
How many people attended the game against the indianapolis colts?,0
How many attendances are there when the opponent is the Indianapolis Colts?,1
"On december 16, 1985, all the records were what?",0
"Retrieve all records from the table where the date is December 16, 1985.",1
How many results are there for the 0-4 record?,0
How many results are there in the table where the Record column is between 0 and 4?,1
"How many weeks are there that include the date October 11, 1969.",0
"How many weeks are there in the table where the date is October 11, 1969?",1
"How many weeks are there that include the date November 9, 1969.",0
"How many weeks are there in the table where the date is November 9, 1969?",1
How many records are there at the War Memorial Stadium?,0
How many records are in the table where the Stadium is War Memorial Stadium?,1
"What was the minimum attendance on December 7, 1969?",0
"What is the minimum attendance on December 7, 1969 from the table?",1
What week corresponds to the last one to be played at the memorial stadium?,0
What is the maximum value of the Week column from the table where the Stadium is Memorial Stadium?,1
In which stadium is the week 5 game played?,0
What is the stadium for the week numbered 5?,1
In Penney's game what is the probability where the 1st player wins if the probability of a draw is 8.28% and the 2nd player chooses B BR?,0
What is the probability that the first player wins if the probability of a draw is 8.28% and the second player's choice is B?,1
"If the first player chooses RB B, what is the second player's choices?",0
What is the second player's choice from the table where the first player's choice is RB B?,1
What is the probability where the second player wins where their choice is R RB and the first player has a 5.18% chance of winning?,0
What is the probability that the second player wins if their choice is R RB and the probability that the first player wins is 5.18%?,1
What are the chances the first player will win if the 2nd player has an 80.11% chance of winning with the choice of R RB?,0
What is the probability that the first player wins if the second player's win probability is 80.11% and their choice is R RB?,1
What are the chances that player 2 wins if player 1's choice is BB R?,0
What is the probability that the second player wins if the first player's choice is BB?,1
How high is the chance that player 1 wins if player 2 has an 88.29% chance of winning with the choice of R RB?,0
What is the probability that the first player wins if the second player's win probability is 88.29% and their choice is R RB?,1
 what is the nfl team where player is thane gash,0
What is the NFL team of the player named Thane Gash?,1
what is the maximum pick # where player is anthony blaylock,0
What is the maximum pick number for the player named Anthony Blaylock?,1
 what's the nfl team where player is clifford charlton,0
What is the NFL team of the player named Clifford Charlton?,1
 what's the position where player is anthony blaylock,0
What is the position of the player named Anthony Blaylock?,1
what is the minimum pick # where position is defensive tackle,0
What is the minimum pick number for players positioned as Defensive Tackle?,1
Which province has a density of 971.4?,0
What is the province where the density is 971.4?,1
What is Friesland's gdp per capita?,0
"What is the minimum GDP per capita (2003, in €) for the province of Friesland?",1
What is the area of the place that has a population density of 331.4?,0
What is the maximum area (in km²) of the table where the density is 331.4?,1
Which province has a gdp of 38355€  million euros?,0
"What is the province where the GDP (2003, PPS in mil. € ) is 38355?",1
What is the population estimate for the place that gad a 18496€  million euro gdp?,0
"What is the population (2004 estimate) of the country where the GDP (2003, PPS in mil. € ) is 18496?",1
"What is the title when original air date is may15,2008?",0
"What is the title of the show that originally aired on May 15, 2008?",1
What is the highest no. in season?,0
What is the maximum number in the season from the table?,1
Who directed the episode where u.s. viewers (million) is 12.90?,0
What is the director of the movie where U.S. viewers (million) equals 12.90?,1
"How many episodes aired in Region 2 beginning May 26, 2008?",0
"What is the minimum number of episodes (Ep) from the table where the Region 2 date is May 26, 2008?",1
What date did the DVD for season six come out in region 2?,0
"What is the region associated with ""Season Six"" in the table?",1
What is the least amount of season epidsodes?,0
What is the minimum number of episodes (Ep) from the table?,1
"What DVD season/name for region 2 was released August 22, 2010?",0
"What is the name of the DVD where the Region 2 date is August 22, 2010?",1
How many points for 2005?,0
How many points were recorded in the season of 2005?,1
what is the score for the dams?,0
What is the points for the team named DAMS?,1
how many positions in 2009?,0
How many positions were there in the table for the season 2009?,1
what is the least number of poles?,0
"What is the minimum value of the column named ""Poles"" from the table?",1
Which series with 62 points?,0
Retrieve the series where the points are equal to 62.,1
What is the total for 10th position?,0
How many points are associated with the position that is ranked 10th?,1
how many reports of races took place on october 16?,0
How many reports were submitted on October 16?,1
what is the name of the report that lists the race name as long beach grand prix?,0
"What is the report for the race named ""Long Beach Grand Prix""?",1
what is the report called where the circuit took place at the nazareth speedway?,0
What is the report associated with the circuit named Nazareth Speedway?,1
what is the name of the race where newman/haas racing is the winning team and rick mears is at the pole position?,0
What is the race name where the winning team is Newman/Haas Racing and the pole position is Rick Mears?,1
meadowlands sports complex is the circuit at which city/location?,0
"What is the city or location associated with the circuit ""Meadowlands Sports Complex""?",1
What is the literacy rate for groups that grew 103.1% between 1991 and 2001?,0
What is the literacy percentage from the table where the growth (1991–2001) is 103.1%?,1
What is the lowest sex ratio in rural areas?,0
"What is the minimum value of the ""Sex ratio (rural)"" column from the table?",1
What is the lowest child sex ratio in groups where employment is 31.3%?,0
What is the minimum sex ratio (child) where the work participation (%) is 31.3%?,1
What is the population percentage of the group where the rural sex ratio is 953?,0
What is the population percentage where the sex ratio (rural) is 953?,1
"What is the original air date for the title ""felonious monk""?",0
"What is the original air date of the episode titled ""Felonious Monk""?",1
What is the title of the episode directed by Peter Markle and written by Jerry Stahl?,0
What is the title of the movie directed by Peter Markle and written by Jerry Stahl?,1
"How many episodes were titled ""identity crisis""?",0
"How many movies are directed by someone whose title is ""Identity Crisis""?",1
Who does the lap-by-lap in 2011?,0
Retrieve the lap-by-lap data from the table where the year is 2011.,1
Which network has Marty Reid as host and lap-by-lap broadcaster?,0
Retrieve the Network from the table where Lap-by-lap and Host are both Marty Reid.,1
How many pre-race analysis occur when Allen Bestwick does the lap-by-lap?,0
"How many times does the term ""Pre-race analyst"" appear in the table where ""Lap-by-lap"" is equal to ""Allen Bestwick""?",1
What's the highest season number of an episode in the series?,0
What is the maximum number in the season from the table?,1
"When did the episode titled ""Lucky Strike"" air for the first time?",0
"What is the original air date of the episode titled ""Lucky Strike""?",1
"Who was the writer of the episode titled ""One Hit Wonder""?",0
"What is the writer of the song titled ""One Hit Wonder""?",1
What's the date of the first airing of the episode with series number 63?,0
What is the original air date of the episode with No. in series = 63?,1
How many titles got a viewership of 26.53 million?,0
How many titles have a U.S. viewers (millions) value of 26.53?,1
How many viewers tuned into the show directed by Matt Earl Beesley?,0
What is the number of U.S. viewers in millions from the table where the director is Matt Earl Beesley?,1
Who wrote episode 94?,0
"What is the ""Written by"" entry from the table where the ""No. in series"" is 94?",1
Which episode was the number in the season where the number in the season is 10?,0
"Retrieve the ""No. in series"" from the table where ""No. in season"" is equal to 10.",1
"How many episodes were in the season that had the epiosde of ""crow's feet""?",0
"What is the ""No. in season"" for the title ""Crow's Feet""?",1
When did the 113 episode air?,0
What is the original air date of the episode with No. in series = 113?,1
How many titles were there for the 113 episode?,0
"How many entries have the ""No. in series"" value of 113 in the table?",1
What is the number in the season that Marlene Meyer wrote and 20.49 million people watched?,0
What is the maximum number in the season for episodes written by Marlene Meyer with 20.49 million U.S. viewers?,1
When did the no. 23 show originally air?,0
What is the original air date for the season numbered 23?,1
Which circuits had a race on October 4?,0
What is the circuit on October 4?,1
In which reports does Michael Andretti have the pole position and Galles-Kraco Racing is the winning team?,0
Retrieve the report where the pole position is Michael Andretti and the winning team is Galles-Kraco Racing.,1
How many rounds were there of the Bosch Spark Plug Grand Prix?,0
"How many times has the race ""Bosch Spark Plug Grand Prix"" been held?",1
Which rounds were held on August 9?,0
Retrieve the value of Rnd from the table where the Date is August 9.,1
On how many dates did the Michigan International Speedway hold a round?,0
How many entries are there in the table where the Circuit is Michigan International Speedway?,1
Name the total number of bids of the sun belt conference,0
How many bids were made for the Sun Belt conference?,1
Name the round of 32 in conference usa,0
"What is the ""Round of 32"" from the table where the conference is Conference USA?",1
What is the record when round of 32 is 0 and metro atlantic conference?,0
Retrieve all records where the Round of 32 is 0 and the Conference is Metro Atlantic.,1
What is the number of bids with elite eight larger than 1.0,0
What is the number of bids where the Elite Eight value is greater than 1.0?,1
Who directed the episode with production code 7aff03?,0
What is the director of the production with the production code 7AFF03?,1
What is the title of the episode wtih 10.34 million U.S viewers?,0
What is the title of the show that has 10.34 million U.S. viewers?,1
What place is the team that completed 6 races?,0
What is the position of the team that has raced 6 times?,1
"how much did the british formula three called ""fortec motorsport"" score?",0
What is the Points value for the British Formula Three series with the team name Fortec Motorsport?,1
how many races were in 2009 with 0 wins?,0
Retrieve the races where the season is 2009 and there are zero wins.,1
What years did art grand prix compete?,0
"What is the season associated with the team named ""ART Grand Prix""?",1
What year had a score of 9?,0
What is the season associated with the team that has 9 points?,1
what is the greatest number of wins by japanese formula three?,0
"What is the maximum number of wins in the Series named ""Japanese Formula Three""?",1
Who took test #4?,0
Select the test-taker from the table where the value is 4.,1
What episode aired on 18 April 2007?,0
What is the minimum value in the # column from the table where the Air Date is 18 April 2007?,1
Who had the challenge of night driving?,0
"What is the test-taker associated with the challenge ""Night Driving""?",1
How many directors were there for the film Course Completed?,0
"How many directors have a film title used in nomination equal to ""Course Completed""?",1
Who directed El Nido?,0
"What is the director of the movie titled ""El nido""?",1
Who directed Dulcinea?,0
"What is the director of the movie titled ""Dulcinea""?",1
What are the slovenian names of the villages that had 65.9% of slovenes in 1951?,0
What is the village name in Slovenian where the percentage of Slovenes in 1951 was 65.9%?,1
What are the slovenian names of the villages that had 16.7% of slovenes in 1991?,0
What is the village name in Slovenian where the percentage of Slovenes in 1991 was 16.7%?,1
How many villages had 21.7% of slovenes in 1991?,0
How many villages have a percentage of Slovenes in 1991 equal to 21.7%?,1
what percent of slovenes did the village called čahorče in slovenian have in 1991?,0
What is the percentage of Slovenes in the village of Čahorče according to the data in the table for the year 1991?,1
What is the slovenian name for the village that in german is known as st.margarethen?,0
What is the Slovenian name of the village known as St. Margarethen in German?,1
"For games on December 20, how many points did the scoring leaders get?",0
What are the high points on December 20?,1
Who was the scoring leader and how many points did he get in games on December 23?,0
Retrieve the high points for December 23 from the table.,1
What is the pick # for the position de?,0
What is the pick number for the entry where the position is DE?,1
Which player went to college at Saint Mary's?,0
What is the name of the player who attended Saint Mary's college?,1
What is the position for the player with cfl team Winnipeg blue bombers?,0
"What is the position of the team named ""Winnipeg Blue Bombers"" in the table?",1
Which player went to college at Laval?,0
What players went to Laval University?,1
What was the college for the player with the cfl team of Edmonton Eskimos (via calgary)?,0
What is the college associated with the Edmonton Eskimos (via Calgary) team?,1
What's the team of the player from St. Francis Xavier College?,0
What is the CFL team associated with the college named St. Francis Xavier?,1
What player is on the Montreal Alouettes CFl team?,0
What is the player associated with the CFL team Montreal Alouette?,1
What's the pick number of the player from Toronto Argonauts?,0
"What is the minimum ""Pick #"" for the team ""Toronto Argonauts"" in the table?",1
What's the pick number of the player whose position is CB?,0
"Select the ""Pick #"" from the table where the position is CB.",1
What's the pick number of the player from New Mexico?,0
What is the maximum pick number for players from New Mexico?,1
What player went to Ohio State College?,0
What players attended Ohio State University?,1
What is the minimum introduced value for the Departmental region?,0
"What is the minimum value of the ""Introduced"" column from the table where the ""Region"" equals the ""Departmental"" column?",1
What is the smallest introduced value?,0
"What is the minimum value of the ""Introduced"" column from the table?",1
Which CFL Teams drafted an OL in 2006?,0
Select the CFL team where the position is OL.,1
Which college is aligned to the Saskatchewan Roughriders?,0
What is the college of the player who plays for the Saskatchewan Roughriders CFL team?,1
What Position did the Hamilton Tiger-Cats (via Ottawa) pick in the 2006 Draft.,0
"What is the position of the team named ""Hamilton Tiger-Cats (via Ottawa)""?",1
What is the earliest pick listed in the table.,0
"What is the minimum value of the column named ""Pick #"" from the table?",1
What episode number had production code e4423?,0
What is the maximum number in the season for the production code E4423?,1
What's the latest episode in a season where the U.S. viewers totaled 14.37 million?,0
What is the maximum number in the season where the U.S. viewers (millions) are 14.37?,1
"Who directed the episode ""Escape""?",0
"What is the director of the movie titled ""Escape""?",1
"How many seasons is the season finale on May 26, 2010?",0
"How many seasons have a finale on May 26, 2010?",1
"What episodes are there where the season premier is September 23, 2009?",0
"What are the episodes associated with the season premiere on September 23, 2009?",1
What is the season finale for season 4?,0
"What is the ""Season finale"" for the season with Season number 4?",1
How many season premiers have a rank of #21?,0
What is the season premiere of the item with rank 21?,1
"What are the seasons where September 26, 2007 is the season premier?",0
"What is the TV season that premiered on September 26, 2007?",1
What max processor has a maximum memory of 256 gb?,0
What is the maximum number of processors available when the maximum memory is 256 GB?,1
What is the max memory of the t5120 model?,0
What is the maximum memory of the model named T5120?,1
